{
  "x_gate": {
    "real": [
      [
        0.0,
        1.0
      ],
      [
        1.0,
        0.0
      ]
    ],
    "imag": [
      [
        0.0,
        0.0
      ],
      [
        0.0,
        0.0
      ]
    ]
  },
  "qft2": {
    "real": [
      [
        0.5,
        0.5,
        0.5,
        0.5
      ],
      [
        0.5,
        0.0,
        -0.5,
        -0.0
      ],
      [
        0.5,
        -0.5,
        0.5,
        -0.5
      ],
      [
        0.5,
        -0.0,
        -0.5,
        0.0
      ]
    ],
    "imag": [
      [
        0.0,
        0.0,
        0.0,
        0.0
      ],
      [
        0.0,
        0.5,
        0.0,
        -0.5
      ],
      [
        0.0,
        0.0,
        0.0,
        0.0
      ],
      [
        0.0,
        -0.5,
        0.0,
        0.5
      ]
    ]
  },
  "sqrt_swap": {
    "real": [
      [
        1.0,
        0.0,
        0.0,
        0.0
      ],
      [
        0.0,
        0.5,
        0.5,
        0.0
      ],
      [
        0.0,
        0.5,
        0.5,
        0.0
      ],
      [
        0.0,
        0.0,
        0.0,
        1.0
      ]
    ],
    "imag": [
      [
        0.0,
        0.0,
        0.0,
        0.0
      ],
      [
        0.0,
        0.5,
        -0.5,
        0.0
      ],
      [
        0.0,
        -0.5,
        0.5,
        0.0
      ],
      [
        0.0,
        0.0,
        0.0,
        0.0
      ]
    ]
  },
  "rz_half": {
    "real": [
      [
        0.7071067811865476,
        0.0
      ],
      [
        0.0,
        0.7071067811865476
      ]
    ],
    "imag": [
      [
        -0.7071067811865476,
        0.0
      ],
      [
        0.0,
        0.7071067811865476
      ]
    ]
  }
}